actual,predicted
"syrian official  obama climbed to the top of the tree, ""does not  know how to get down"". obama sends a letter to the heads of the house and senate. obama to seek congressional approval on military action against syria. aim is to determine whether cw were used, not by whom, says united nations . spokesman. ",###
usain bolt wins third gold of world championship. anchors jamaica to  x m relay victory. eighth gold at the championships for bolt. jamaica double up in womens  x m relay. ,###
"the employee in agencys kansas city office is among hundreds of ""virtual"" workers. the employees travel to and from the mainland american . last year cost more than   , . the telecommuting program, like all gsa practices, is under review. ",###
"new  a canadian doctor says she was part of a team examining harry burkhart in  . new  diagnosis  ""autism, severe anxiety, post traumatic stress disorder and depression"". burkhart is also suspected in a german arson probe, officials say. prosecutors believe the german national set a string of fires in los angeles. ",###
another arrest made in gang rape outside california school. investigators say up to   people took part or stood and watched the assault. four suspects appeared in court thursday; three wore bulletproof vests. ,###
"humanitarian groups expect  ,  refugees in one camp, a united nations . official says. others have fled across the border to united nations . camps in liberia, he says. this follows attacks that killed   united nations . peacekeepers and   civilians. ",###
"new    groups announce legal challenge in phoenix. american civil liberties union, aclu of arizona, national immigration law center slam law. mexican american legal defense and educational fund also objects to it. they say law encourages racial profiling, but supporters say it does not  involve any illegal acts. ",###
labor day is the unofficial end of summer and the unofficial start to campaign season. as much as   .  billion could be spent on advertising for this midterm election. here are five must follow races for these midterms. ,###
new  autopsy indicates he had been dead for hours before police arrived. youtube video appears to show the activist bound and blindfolded. the activist and freelance journalist was from the lombardy region in northern italy. ,###
"the radio personality was taken to a hospital sunday. spokesman for hospital says casey kasem being treated for wounds, blood pressure issues. he had been at a friends home in washington state after his wife took him there. she has been feuding with three stepchildren over the radio icons care. ",###
hawaiian airlines again lands at no.   in on time performance. the airline quality rankings report looks at the   largest american . airlines. expressjet and american airlines had the worst on time performance. virgin america had the best baggage handling; southwest had lowest complaint rate. ,###
the   new cardinals will be installed on february  . they come from countries such as myanmar and tonga. no americans made the list this time or the previous time in francis' papacy. ,###
"new  bermudan premier  ""above all, this was a humanitarian act"". uyghurs are native chinese muslims; the detainees were apprehended in pakistan. china urges american . to hand over all   uyghurs held at guantanamo bay, cuba. official says american . still negotiating with palau to take remaining   uyghurs. ",###
"a   year old boy is the latest victim of a man eating leopard, a local police chief says. he suspects one leopard is behind the deaths of   people in the past   months. a reward has been offered to anyone who captures or kills the man eating creature. leopards are common in low mountain areas of nepal but usually eat wild prey like deer. ",###
"new  kyle white  ""without this team, there would be no medal of honor"". new  he vows to ""live up to the responsibility"" of having the top military award. new  obama calls white ""a soldier who embodies the courage of his generation"". the army vet, then  , braved enemy fire to save his wounded comrades in afghanistan. ",###
"the consumer electronics show brings a slew of new gadgets. tablets running googles android and microsofts windows   will debut. ultrabooks, a new type of thinner laptop, are expected to make a splash. but some of the largest players in the consumer electronics industry are shunning ces. ",###
"manchester united again named footballs most valuable brand. the   time english champions are worth a reported    million. germanys bayern munich second on the list, worth an estimated    million. spanish rivals real madrid and barcelona both see small decreases in brand value. ",###
cnns sara sidner sees another world in a tunnel below tripoli. gadhafi may have recorded his taped messages in a studio there. rebels are methodically searching through the winding passages. ,###
"new  cheney  harsh interrogations, warrantless eavesdropping ""essential"". new  former vice president says bush rebuffed his advice on two big issues. ""an administration has to be able to respond to [crises] and we did,"" cheney said. cheney cites costs of dealing with  /  attacks, wars in afghanistan and iraq. ",###
"omar gonzalez is accused of jumping the white house fence in september. an initial evaluation finds him not competent to stand trial. his attorney argues gonzalez is fine, but agrees to more thorough exam. ",###
this is the fourth shark attack in maui this year. it took place about   yards offshore. officials will decide thursday if the beach can reopen. ,###
"contaminated cantaloupes have caused illnesses in   states, the cdc says. in addition to the deaths, a total of   people have fallen ill, the agency says. the fruits are thought to be tainted by listeria monocytogenes bacteria. colorado based jensen farms has recalled its cantaloupes. ",###
"the treasurys estimate is the first detailed analysis of the ongoing problem. with budget cuts, the irs cannot deal with the fraud, according to inspector general. irs says it stopped the issuance of   .  billion in potentially fraudulent tax returns. ",###
a video featuring child actors has gone viral in mexico. it shows children facing the challenges the country faces. the video asks mexican presidential candidates for real change. some of the candidates have seen the video. ,###
white house  president obama has not decided on air strikes in syria. possible options include air strikes on isis targets in syria. some consider the group a direct threat to american . security. obama spent three years avoiding a american . military role in syria. ,###
"studies show that an essential nutrient in fish oil does not appear to slow mental decline. fish oil seems to be healthy in general, but does not benefit alzheimers patients cognitively. treatments such as dha could prevent or slow dementia if started earlier in life. ",###
"christopher meloni will join hbos ""true blood"" in season  . he will play an ""ancient, powerful vampire who holds the fate of bill and eric in his hands"". the actor previously played chris keller on the pay cablers gritty drama ""oz"". ",###
"judge orders all three men to be held in police custody. ""i organized this attack, but not to the extent that it happened,"" dancer says. police say the motive was a ""hostile relationship"". state media  filin had suffered intimidation, including threatening phone calls. ",###
"ken klukowski  cases heard by supreme court could result in momentous change. he says there are questions of whether cases could be tossed because of special circumstances. if court issues sweeping ruling, it could deprive voters of chance to weigh in. klukowski  gay marriage is such a new phenomenon that court should not  freeze the debate. ",###
"liberia is one of the countries worst hit by the west african ebola outbreak. entire towns and villages have been placed into quarantine or abandoned by residents. health workers must ensure those who die of virus are buried safely, to avoid contamination. ""running away from ebola is not a solution    we have to face it, fight it,"" says alpha tamba. ",###
"the first race of the   formula one season takes place in australia on sunday. turbo engines are back in the sport, with each car boasting a  .  liter v  hybrid. former f  winner jody scheckter expects f  technology to trickle down to road cars. for the first time in the sports history, double points will be awarded at the years final race. ",###
european footballs governing body reveals list of countries bidding to host   finals. the  th anniversary edition of the finals will be hosted by   countries. thirty two countries are considering bids to host   matches. uefa will announce host cities on september  . ,###
"sunny hostin  the state attorney has made it clear that she alone will decide on charges. she says the public withdrawal by lawyers representing george zimmerman was strange. hostin  zimmermans actions may not have been covered by the ""stand your ground"" law. she says she believes in the jury system; it makes sense to let a jury decide. ",###
harvard bans all romantic relationships between professors and students. policy comes on heels of investigation into title ix violations. ,###
"as the dust settles on italys palio de siena, cnn looks at wild horse festivals. includes fire leaping in spain and samurai battles in japan. a world away from traditional races such as royal ascot or kentucky derby. some ancient horse shows date back to  th century. ",###
"new  libyas deputy foreign minister for european affairs meets with the greek prime minister. new  the envoy is expected to continue talks in turkey and malta, greek officials say. ""it is clear that the  libyan  administration is looking for a solution"". ",###
"a california court rules that sergio garcia can practice law. garcia is an undocumented immigrant. he says the ruling is a dream come true. but he wo not  practice immigration law, he says. ",###
ana ivanovic has a new all serbian team behind her for the first time. the   year old has parted company with a number of coaches in the past. the serbians last grand slam success came at the french open in  . she is feeling confident about new season after finishing   ranked  th. ,###
"official monitor will oversee fdny hiring practices, federal judge rules. monitoring will be in place for at least   years, judge nicholas garaufis says. mayor michael bloomberg defends his record for improving minority recruiting. however, garaufis says testing and hiring procedures are discriminatory. ",###
"frida ghitis  american . cannot give in to isis threats, must focus on helping kurds of iraq. ghitis  united nations . resolution should declare that muslims, rest of the world find isis horrific. ghitis  american . should make sure this is not framed as a war against islam and the west. she says isis is a threat to the whole world; europeans are joining in big numbers. ",###
"while egypt struggles to wade through political problems, its education system suffers. literacy rates are low and unemployment is high, especially among females. many middle class families are spending a large part of their income on private tutoring. a few start up companies have emerged, however, to address the education deficit. ",###
"u.s. military official tells cnn the incident occurred on july  . rc   rivet joint was on electronic eavesdropping mission in international airspace. russians began tracking with ground radar, and sent at least one fighter to intercept. u.s. plane evaded encounter by flying into swedish airspace without permission. ",###
"new  france summons syrias ambassador to protest an attack on its embassy. u.s. state department official  the syrian government incites anti american sentiment. also sunday, a state backed ""national dialogue"" meeting continued in damascus. ""the bloodshed needs to stop. ... excessive force is unjustified,"" one activist says. ",###
"in the mid  s, a zambian school teacher wanted to send the first african to space. 'the afronauts' photo book is a fictional documentation of his endeavors. the work, by cristina de middel, has been shortlisted for the deutsche bã¶rse prize. ",###
"lawrence jacobs  mitt romney was shrewd in picking paul ryan as his running mate. jacobs  ryan can supercharge conservatives, who outnumber liberals   to  . he says there are signs that obama supporters wo not  actually cast a ballot. jacobs  using ryan to ignite the gop base is probably romneys best chance of prevailing. ",###
"vince warren  at its best, american . has been key in championing universal human rights. warren  a longstanding law lets foreign victims of human rights abuse find justice in american . courts. supreme court to rule in international human rights case whether law will stand, he says. warren  if court upholds the law, the world will see american . still supports human rights for all. ",###
protesters converge on hong kongs victoria park for a candlelight vigil. it is the  nd anniversary of the bloody crackdown on pro democracy protesters. the vigil is held after recent efforts to quash anti government demonstrations. ,###
"barack obama making case to nation for increasing military action against isis. john kerry in middle east trying to get more of the regions leaders on board. germany, uk, france to offer assistance; russia wary of potential american . strikes in syria. ",###
"u.s. and south korea teams are searching for chemicals at former military bases. toxic chemicals were buried at a american . in the  s, a american veteran alleges. agent orange has been linked to some cancers. ",###
"ruben navarrette  nine dreamer activists were in federal immigration detention in arizona. they would  tried to re enter the american . asking for humanitarian parole or asylum and were jailed. he says they have been freed, granted immigration hearing, drew support from congress. navarrette  dreamers sometimes have look at me activism, but this request is valid. ",###
"two years ago, the worlds youngest country split from its northern nemesis, sudan. but during a recent visit, photographer fabio bucciarelli found ethnic violence raging. ",###
"space shuttle discovery launches just before midnight friday. discovery is scheduled to fly to international space station with a crew of seven. logistics module, science experiments, stephen colbert treadmill also aboard. ",###
"from cnns global affiliates, check out some of this weeks extreme weather conditions. a typhoon in the philippines has killed   people and destroyed thousands of homes. near auckland, new zealand, a tornado injured more than   people. ",###
"new  the retrial of former president hosni mubarak is adjourned until mid august. the retrial is being held for mubarak and his sons, as well as a former minister and security aides. mubarak was forced from office in february   following two weeks of mass street protests. mubarak was convicted last year but was granted a retrial after appealing his conviction. ",###
"singer carrie underwood uses lotion more than perfume. she counts calories, fat and fiber; cheese is her downfall. singer loves to play with makeup. ",###
"man haron monis had history of ""infatuation with extremism and mental instability,"" abbott says. hostage taker was granted political asylum in australia in  ; was on bail for violent offending. his former lawyer says he campaigned against ""the victimization of muslims and islamists"". on monis' apparent website, there is a pledge of allegiance to isis. ",###
"if you have not  tried these street foods, you have not  been to delhi. the most iconic chaat are aloo tikki, dahi bhalla and papri chaat. the best kulfi ice cream is topped with rose milk faluda. ",###
"gmail mobile app is released, then pulled, from apples online store. the app was made available for the iphone, ipad and ipod touch. google said bugs broke the apps notification system and caused error messages. no word on when fixed gmail app will be released. ",###
"defense attorneys want john hinckley to be transitioned out of a mental hospital. ""the hospital does not  know what mr. hinckley is thinking,"" the prosecutor says. the hearing may determine whether to eventually free him from a mental hospital. after john hinckley shot reagan, he was found not guilty by reason of insanity. ",###
"new  woman who alleges an affair with cain wants an apology. cain will endorse another candidate soon. cains iowa support fell to single digits, the des moines register reports. candidate was dogged by allegations of sexual harassment and an affair. ",###
"brandon stanton launched humans of new york blog. partnering with united nations ., hes on a world tour that started in iraq and jordan. his mini narratives reveal the struggles and dreams of ordinary people. ",###
"john avlon  a new cnn poll shows a reversal in the character of two major parties. avlon  traditionally, gop coalesce around a front runner; democrats root for newcomers. now, gop has an eclectic pool of presidential candidates; democrats have hillary clinton. avlon  if clinton does not run, democrats will have almost no strong candidate. ",###
"customer booked an international flight through cheapoair.com. ticket for one leg of her flight was not accepted, and she had to buy a new one. the online agency did not know why her ticket was rejected. troubleshooter contacted cheapoair, and it refunded the customers money. ",###
"shanghai has long been a unique city in china. hybrid of eastern, western traditions is found nowhere else in mainland china. shanghai ranks sixth among world cities with the most skyscrapers, with  . shanghainese dialect is filled with localized english words. ",###
"moyo received   votes, opponent paul themba nyathi received   votes. themba nyathi represented the splinter mdc faction led by arthur mutambara. mdcs shuwa mudiwa and elia jembere arrested outside parliament building. ruling zanu pf party lost majority in   seat parliament in march elections. ",###
"real talk about sex among families is more important than ever, ""speak"" author says. laurie halse andersons acclaimed young adult novel ""speak"" turns   this year. the novels central themes    teen rape and stigma    are still relevant, anderson says. ",###
"detainees file suit against ice, allege they were injected with drugs. one detainee tells cnn  ""what they did to me was very, very bad"". ice says  ,  detainees have had ""medical escorts"" since  . sen. lieberman vows to investigate further; spokesman calls charges ""troubling"". ",###
"the titanic memorial cruise is to set sail in april  ,   years after the sinking. it will depart from southampton, england, on april  , just as the titanic did. the trip will end in new york, where the titanic was headed. ",###
"production had been stalled during negotiations. jim parsons, johnny galecki and kaley cuoco reportedly will own more of the show. two other cast members are said to still be in negotiations. ",###
"new  mexican government says   people have died from virus. virus has spread to   countries, with hardest hit areas in the west. u.s. education department says outbreak has closed   schools in   states. vaccine could be made ""in a relatively short period of time,"" official says. ",###
"the whale was swimming just under the surface. it happened in tiny, remote angoon. ",###
new  former presidents carter and clinton praise bush for his initiatives in africa. new  bush says the countrys greatest days lie ahead. new  the george w. bush presidential center is dedicated. bush tells cnn he is aware it will rekindle debates about his legacy. ,###
"sebastien de la cruz,  , sang the national anthem at nba finals on tuesday. racists comments spread via twitter after the mexican american boys performance. sebastien stands resilient  ""i am  a proud american and live in a free country. it is  not hurting me."". father says he is not  ""taken the comments personally, ca not  satisfy everyone"". ",###
timothy bradley faces manny pacquiao for the wbo welterweight title in las vegas saturday. the fight is a rematch of the bitterly contested first bout between the two in  . bradley scored a points victory but received death threats after the fight. ,###
"china will launch an unmanned lunar probe in december. chang'e   will release a solar powered rover on the moons surface. the probe may interfere with a nasa lunar dust study, american . scientist says. ",###
"brad blausers wheelchairs for iraqi kids has distributed nearly   free wheelchairs. dallas native blauser lives in baghdad and works for free. ""disabled children    they are  really the forgotten ones in this war,"" he said. vote now for the cnn hero of the year at cnn.com/heroes. ",###
experts  hurried adoptions can lead to trafficking and cause more trauma to children. aid groups say focus should be on reuniting kids with relatives. reports on plight of children in haiti has led many to ask about adoptions. ,###
hilton frankfurt airport is part of a mixed use complex atop a high speed rail station. alt hotel pearson in toronto features original art and egyptian cotton linens. guests at the element miami help make electricity by using the hotels stationary bikes. ,###
"gold bar stolen from key west, florida, museum is worth more than   , . video shows crime taking place, but leads are sparse. thieves often ca not  sell stolen treasures because legitimate collectors wo not  bite. but stolen treasures are often hard to find. ",###
"new  attorney for crane operator says his client is ""being made the scapegoat"". sean benschop was denied bail sunday. a law enforcement source says marijuana was found in the crane operators blood.   died,   were injured when a building being torn down collapsed onto a thrift store. ",###
"savana redding was   when administrators suspected she was carrying drugs. no medication was found, and she later sued. justices  search was unreasonable, but individual school officials ca not  be sued. redding, now  , has said she has never gotten over her experience. ",###
"first major retrospective of pop artist andy warhols work exhibiting in china. warhol made first and only trip to china in  , which provided artistic inspiration. while iconic works are well recognized in china, few people connect them with warhol. warhol influenced chinese contemporary artists, most notably ai weiwei and xu bing. ",###
"new  those arrested have been bailed and the searches are over, police say. four current and former sun employees had been arrested, news corp. says. a   year old police officer has also been arrested, london police say. the arrests were made as part of an investigation into corruption allegations. ",###
"matteo renzi is incoming pm of italy, a country with a fractious governing system. it is  not clear how the   year old will garner more support than his predecessors. the country has problems including its two trillion euro debt pile and high unemployment. but renzi has shown he is a long distance player    and has youth and stamina on his side. ",###
"military forces say they have taken strongholds in northeastern mogadishu. the military cites ""a big achievement"". al shabaab claimed responsibility for an attack last week that killed dozens. ",###
"new  defendant rachel wades lawyer says sentence is ""very fair"". wade sentenced in april   stabbing death of sarah ludemann. wade was convicted of second degree murder. the two women were involved with the same man. ",###
"next generation ipad could come in three different versions. currently  g ipad ships with a microsim card slot, which is only used on at t. if verizon gets iphone and ipad, it would greatly expand apples potential market. ",###
the military kills more than   boko haram members in an operation in borno state. they also fend off an attack on a military checkpoint in yobe states capital.   suspected boko haram members die in fighting there. boko haram seeks to impose a strict version of sharia law across northeastern nigeria. ,###
"cnn.com will feature ireporter photos in a weekly travel snapshots gallery. please submit your best shots of barcelona, spain for next week. visit cnn.com/travel next wednesday for a new gallery of snapshots. ",###
"woman detonates bomb after saying she would  lost her wallet, istanbul governor says. attackers identity, motive not immediately known, governor says. attack happened at police station in popular tourism district. ",###
"theres a difference between running for president and ""running"" for president. scott brown served part of one term in the senate before losing his re election bid. theres almost no downside in a politician saying hes considering a presidential run. even some of his former advisers say they do not  know what brown is up to. ",###
"he was released early after time off for good behavior and work credit, jail official says. dharun ravi is released after serving a jail sentence. he was convicted in may on charges related to recording his gay roommate. the roommate, tyler clementi, killed himself after learning of the recording. ",###
"you do not  have to sit down to get great food in new york. opened in   in soho, a lone taco cart called calexico has expanded into a mini empire. new yorkers do not  need to go to new england for a good lobster roll, thanks to red hook lobster pound. lines form early for lumpia shacks philippines inspired food. ",###
"philip rubio says the american . postal service threatened by major cuts or even closure. he says post office represents people, places we rely on; cuts will have huge effect in american .. he says it is  a major employer, innovator and fulcrum of national communications system. rubio  congress must assume responsibilty for finding a way for postal service to stay afloat. ",###
"a cnn analysis of secret cables published by wikileaks reveals american . frustration. u.s. has concerns over economic reform, mubaraks lack of succession planning. cables also reveal washington sees egypt as an important and    until now    stable ally. ",###
"""as they see 'em"" is in depth look at baseball umpires. ""the complete game,"" by mets broadcaster ron darling, gets inside pitchers head. two positions have similarities  necessary command, some disrespect. ",###
executive order bars contractors covers lgbt employees; religious groups not exempt. it did not touch a previous order allowing religious groups to weigh faith in hiring decisions. opponents disappointed on decision involving religious groups. ,###
"in rural africa, there is love for soccer but sometimes a lack of resources. children often make their own soccer balls from rubbish and rope. diy soccer can bring joy to an entire village, said photographer jessica hilltout. ",###
it is  the first time a ban of a national committee has been lifted during an olympics. the ioc suspended india in   over the election of a tainted official to a top post. the indian olympic association has now held new elections that the ioc has approved. indian athletes will now be able to walk behind the national flag at sochis closing ceremony. ,###
"poets have long written about their mothers or to their mothers. robert louis stevenson  poem tells mother to hear ""the little feet along the floor"". julia kasdorfs poem tells how her mother taught her to comfort those in mourning. rudyard kiplings poem said his mother would love him even if he were hanged. ",###
"pornographic sex and visceral violence in ""antichrist"" shocked early audiences. von trier was accused of misogyny but claims to identify with the female character. ""antichrist"" stars charlotte gainsbourg and willem dafoe as a bereaved couple. von triers ""the idiots""     was first mainstream film to show non simulated sex. ",###
"the elderly woman suffered from diabetes and hypertension, ships doctors say. previously,   passengers had fallen ill on the ship, agencia brasil says. ",###
"army staff sgt. robert bales admitted to gunning down   civilians. the plea spares the   year old bales the prospect of a death sentence. a jury will decide whether he will have a chance at parole. afghan civilians have been called to testify about what they saw, survived. ",###
"a grainy sonar image has been spotted, an aircraft recovery group says. historian at amelia earhart birthplace museum skeptical of anything conclusive showing up. technology today is advanced enough to locate a plane, a trade association official says. ",###
"kazakhstans alexandre vinokourov wins gold. colombian rigoberto uran claimed silver, norways alexander kirstoff bronze. world champion mark cavendish finishes a disappointing  th. ",###
"a rebel group in congo killed at least   civilians, human rights watch said. the lords resistance army abducted   others including   children, the report said. lra forces attacked at least   villages from december   to  , the report claimed. cnn could not independently confirm reports of the massacre. ",###
caroline wozniacki beaten at the french open by daniela hantuchova. world number one loses         in just   minutes at roland garros. australian  th seed samantha stosur dumped out by gisela dulko. defending champion francesca schiavone through as shuai peng retires hurt. ,###
new  gillard says leadership issue settled conclusively. no challenges emerged to contest australian leadership. kevin rudd said he would not  stand against julia gillard. prime minister gillard called leadership vote for thursday. ,###
"body of ryan jenkins found hanged in british columbia hotel, police say. authorities say preliminary evidence points to suicide. body of jasmine fiore,  , found stuffed into a suitcase inside a dumpster. her teeth were extracted, fingers removed, making it harder to identify body. ",###
hong kong film production has dropped almost   percent since early  s. mainland investment and market influences quality of hong kong films. problems include few opportunities for new talents and little audience support. ,###
gujranwala has been largely free of the militant violence. three police officers were injured. the explosives were detonated by remote control. ,###
yaya toure believes newspapers must depict religion in a more respectful way. toure fears for the safety of his muslim friends in paris. the manchester city midfielder is currently with ivory coast ahead of the africa nations cup. ,###
jesse tyler ferguson and justin mikita launched tie the knot foundation. proceeds from the organization go toward the fight to legalize same sex marriage. ferguson said he is protective of their relationship. ,###
"ray liotta known for bad guy roles such as gangsters, serial killers. liotta tries something a little different with comedy ""observe and report"". ""edgy guys stand out in peoples minds,"" liotta has said. ",###
"mansfield  bush, blair should be tried for war crimes over invasion of iraq. mansfied  regime change is not permitted by the united nations . charter. mansfield  charter does not authorize preemptive action based on perceived threat. ",###
"london transport system crippled as tube workers go on strike. normal service not due to resume until friday morning. buses crammed with commuters; many chose to cycle, walk to work. rmt trade union called strike in dispute over pay, job cuts, disciplinary issues. ",###
new  the presidents of sudan and south sudan meet in juba. talks between south sudans government and rebels begin in ethiopia. south sudan erupted into violence in a december attempted coup. violence has raged since; both sides are now holding talks to seek a resolution. ,###
"saola caught on forest camera in vietnam. at most, only a few hundred saola thought to exist. species was first discovered in  . ",###
new  palestinian official    year old girl killed by israeli airstrike. new  israeli military  about   rockets from gaza since cease fires end. israel and hamas criticize one another for not doing more to halt violence. ,###
"libyan branch of isis claims responsibility; names attackers. libyan spokesman says death toll is at least   people at hotel and two attackers. siege is over and the gunmen are dead, hotel company spokesman says. an american security contractor is among the dead, his company says. ",###
new  hospital staff makes release recommendations. john hinckleys sister says she supports letting him eventually live in williamsburg. she says he feels comfortable there and is accepted by many community members. hinckley has been hospitalized since he shot president reagan in  . ,###
"new  sen. barack obama, house armed services chairman criticize scope, timing. new  iraq views decision as ""positive move,"" aide to iraqi leader says. iraq force to be trimmed by  , ; afghanistan force to rise by  , . president bush cites increased stability in iraq, stronger insurgency in afghanistan. ",###
"hello kitty is not a cat, anthropologist reveals ahead of retrospective. interview in la times ricocheted around internet among shocked fans. cat like character is a british girl who has a twin sister and a pet cat. ",###
cristina fernandez de kirchner has a blood clot on the surface of her brain. a month of rest is recommended. spokesman  the president suffered cranial trauma in august. ,###
"cartoon uses muscle bound character called voteman to persuade people to vote. voteman is depicted in a series of sexually suggestive and violent scenes. parliament speaker apologizes, says cartoon was ""more serious and offensive"" than intended. danish parliaments eu information center created cartoon ahead of european elections. ",###
"donald sterling shows 'neurodementia of the alzheimers type,' a doctor says. hes unaware of the season and ca not  spell 'world' backward, doctor adds. he shows 'early alzheimers disease' or other brain disease, second doctor says. findings are consistent with 'the general loss of brain tissue,' third doctor says. ",###
"rage against the machine has reissued its   album. review  only ""nevermind"" and ""the chronic"" rival it for ' s cultural impact. the reissued album comes with dvds of live shows and music videos. ",###
"the video games career mode offers rare video footage of the band playing. want to drum like tre cool  you might need the ""green day  rock band"" specific drum lessons. details make this game exciting for fans    even wardrobe is varied and historically correct. ",###
"russian state news says  ,  ukrainian troops in eastern ukraine. self declared mayor of slavyansk says diabetic hostage has the medicine he needs. ukraines security service says osce team is being held in ""inhumane conditions"". u.s. official says planned american . sanctions ""can have a significant impact"" on russia. ",###
"""  jump street"" morphs into an action comedy with a tonal complexity. what this interpretation sacrifices in teachable moments, it makes up for in intelligent giddiness. channing tatum has got bust out talents as a really funny, self aware comic actor. ",###
"kristin beck served as a navy seal for more than   years. known then as chris beck, the war veteran deployed   times. beck retired in   and has since come out as transgender. ""no one ever met the real me,"" she says. ",###
"this page includes the show transcript and the daily curriculum. use the transcript to help students with reading comprehension and vocabulary. the daily curriculums newsquiz tests students' knowledge of events in the news. at the bottom of the page, please share your feedback about our show and curriculum. ",###
"new  vice president joe biden praises ""my friend,"" plans to attend funeral tuesday. specter died of complications from non hodgkins lymphoma. he represented pennsylvania in the senate longer than anyone else. he was long one of the most prominent jewish american politicians. ",###
"nearly   endangered forest elephants were killed in   parks.   sudanese poachers on horseback are believed to be responsible. forest and savanna elephant populations have declined drastically. central african nations agree to mobilize  ,  soldiers to fight poaching. ",###
"new  army corps of engineers is expected to open the spillway once river flows hit a trigger. new  projections indicate the tipping point could come as early as saturday, jindal says. new  the morganza spillway has not been opened since  . opening the morganza spillway would flood the atchafalaya river basin. ",###
"johnson played the iconic role of professor roy hinkley on ""gilligans island"". johnson worked up until his death, signing autographs over holidays. he was ""just a positive and nice guy,"" his agent says. johnson,  , was an army air forces veteran of world war ii. ",###
"bureau official  ""between '  and '  there really was not "" much immigration change. notable increase in naturalized citizens, census bureaus elizabeth grieco says. mexican born population in american . dropped by about  ,  between   and  . ",###
"new  an algerian official says algeria does not  need help securing its energy facilities. new  algerians are searching hospitals, villages and more for missing, statoil reports. the number of those killed in the crisis will likely go up, an algerian official says. a new video reportedly claims responsibility in the name of al qaeda. ",###
"chinese french painter zao wou ki died tuesday at age  . zao was regarded as one of foremost chinese contemporary painters of the  th century. zao was uniquely able to combine cultures, aesthetic visions of france and china in his work. ",###
a norwegian citizen of somali descent is investigated in the kenya mall attack. kenyan antiterror sources say he may have ties to a suspected al shabaab commander. norwegian intelligence services are in kenya investigating both men. norwegian authorities have not yet released the norwegian citizens name. ,###
"  car bomb explosions kill  , injure   in baghdad, officials tell cnn. five killed when gunmen attack a police station in falluja. army general dies when bomb explodes in his convoy in northern mosul. ",###
sources  mist and sand created poor flying conditions for the pilot of crashed plane. family says   year old sole survivor knows his immediate family were killed in plane crash. dutch foreign ministry sending experts to tripoli to help authorities identify victims. ,###
"woman went to southwestern christian university on a sports scholarship. letter  an official says minards marriage to another woman violates school policy. minard admits signing a morality pact, but thinks shes singled out for being lesbian. she says you can ""have faith in god and live a gay lifestyle"". ",###
"report  spice girl mel b. is joining ""americas got talent"" as a judge. the singer/tv personality is experienced with reality shows. ""agt"" is said to be considering hiring a fourth judge. ",###
"chavis  ""all the money in the world"" is not  enough to help poorly run schools. author  i turned ""worst middle school in oakland"" into a top scoring school. d.c., detroit, l.a. produce poor results at extraordinary taxpayer cost, chavis says. obama is right to require accountability in return for reform money, chavis says. ",###
"the four suspects are said to be members of hezbollah. rafik hariri was assassinated february  ,  , in beirut. lebanese authorities say they ca not  get their hands on the suspects. ",###
"three turbulence related deaths since  , faa says. at least two of the three were people not wearing seat belts. turbulence is caused by quick changes in air movement. air pockets from ""clear air"" turbulence are hard to detect. ",###
"two russian planes flew within   feet of american . navy aircraft carrier. that flyover is lower than others russians have made over american . ships this year. u.s. aircraft tried contacting russian planes, but pilots did not  respond. u.s. fighter jets met up with russian planes, flew with them until they left. ",###
a futuristic proposal flips the traditional designs of todays major train stations vertically. the vertical hyper speed train hub wants to cut the footprint of rail terminals by  . the proposal won an honorable mention in  s evolo skyscraper competition. ,###
judge orders brown to come back to court on june  . prosecutors accuse brown of not finishing   days of community labor. brown pleaded guilty to a felony assault charge in the beating of rihanna in  . browns lawyer called the prosecutors filing 'fraudulent'. ,###
"mahmoud ahmadinejad presides over regime that commits atrocities, says hamid dabashi. he says american television interviewers are not  sufficiently challenging in their questions. dabashi says ahmadinejad lied in denying iranian woman was sentenced to stoning. ",###
chelsea have completed the signing of bolton central defender gary cahill. the   year old england international joins chelsea for a fee of   .  million. cahills transfer is the biggest in england so far during the transfer window. eric abidal signs a new contract with barcelona to end speculation about his future. ,###
"nigeria is one of worlds richest oil states; people are among poorest in world. nigerian agency     billion to    billion in oil profits squandered, stolen. militant group mend attacks oil pipelines, demands profits given to nigerian people. un  niger delta has had more than  ,  spills;   times more than exxon valdez. ",###
"after rosy polls, cnns pivit puts republicans' chances of winning a senate majority at   . pivit gives the gop strong odds of picking off democratic seats in iowa, colorado and arkansas. democrats could hold seats in north carolina and new hampshire, the analysis suggests. ",###
"every president except for jfk and barack obama has been a white protestant. dean obeidallah  wasps have had an amazing run, but times have changed. he says political parties are increasingly reflecting the new face of america. obeidallah  changing voting rights laws have made our political system more democratic. ",###
abraham pearson escaped from holding cell while awaiting sentencing. police say he drove off in a carjacked minivan. sheriff  the escape attempt will add the suspect   more chages. ,###
"wirathu, an ultra nationalist buddhist monk in myanmar, calls united nations . official a ""whore"". u.n. human rights chief responds sharply, calling on myanmars leaders to condemn him. wirathu is the leader of the   movement, blamed for stoking anti muslim sentiment. ",###
"japans ""transformers  headmasters"" released in american . for the first time. it is  the latest example of fans influencing what material is seen by the public. japan took american . ""transformers"" cartoon in wild new directions. the release reignited the anime ""subbed vs. dubbed"" debate in some circles. ",###
manchester city through to english fa cup final for the first time since  . yaya toures  nd minute winner ends uniteds hopes of winning three trophies this season. roberto mancinis team will face either stoke or bolton in the final on may  . third placed chelsea move five points clear of city with a     win at west brom. ,###
"larry norman was christian rock musician before genre existed. his first solo album, ""upon this rock,"" came out in late  . normans fans include u , guns n' roses and bob dylan. more than   versions of normans songs have been recorded by other artists. ",###
cnns football fanzone profiles a football blog every month. in march the profiled site is the republik of mancunia blog. the republik of mancunia is a dedicated blog for manchester united fans. ,###
"new  somali president decries what he calls an ""act of cowardly desperation"". a minivan full of explosives blows up outside turkish embassy in mogadishu. two security guards, a student and three attackers die, somali police say. islamist militant group al shabaab claims responsibility. ",###
"several comic book heroes have affected people in real life. superman battled the kkk in radio series ""clan of the fiery cross"". something created in spider man comic inspires device that keeps people out of jail. and donald duck blocked a scientist from getting a patent. ",###
"for first time, a federal panel has advised that science journals censor flu study facts. the papers describe how to alter bird flu virus to be more potent, says arthur caplan. scientists generally hate policies that restrict research in any way, caplan says. caplan  sometimes risk is too high to let scientists openly disclose their findings. ",###
"n.y. man was not  looking for new vehicle, but credits, circumstances changed plans. program gives credits of   ,  to   ,  to people who trade in gas guzzlers. recipients must buy new vehicles that are more fuel efficient. texas woman glad program helped her buy more fuel efficient vehicle. ",###
new  sanduskys attorney says the family is happy about the ruling. a judge rules that jerry sandusky can see some of his grandchildren. the judge denies prosecutors request to require the former coach to stay indoors. tim curleys legal team asks that a perjury charge against him be dropped. ,###
"canada will send fighter jets to target isis in iraq. u.n. envoy  ""the international community cannot sustain another city falling"". state department  american . goal is preventing isis ""from gaining a safe haven"". turkish president erdogan warns kobani is about to fall to isis. ",###
women give men chocolates for valentines day in korea. valentines day is just one of many romantic korean holidays. next up  white day. valentines day has evolved to incorporate more than just romantic interests. ,###
"many gamers appear less than excited about nintendos forthcoming  ds console. the handheld device does not have   d visual effects and is shaped like a small tablet. console may be aimed at kids, not adults. ",###
mitchell johnson inspires australia to innings victory over sri lanka in melbourne. injury hit tourists crash to series defeat ahead of third and final match in sydney. johnson named man of the match after taking six wickets and hitting   not out. india levels twenty  series against pakistan with   run win in second match at ahmedabad. ,###
liberal and conservative groups seeking tax exempt status got targeted. pelosi  the priority is stopping political groups from getting tax breaks. ryan  unanswered questions require further questions. a house committee holds the next hearing on the issue thursday. ,###
oprah winfrey says she hopes the oil spill will be resolved soon. winfrey says obama is doing a good job handling crisis. she says she is saddened by television reports about those affected by spill. ,###
"j.k. rowlings new novel, ""the casual vacancy,"" is authors first book aimed at adults. plot examines social tensions and class divisions in english village. simon hooper  britain feels like country in midst of low intensity class war. rowling is aware class is subject that will shift copies in droves, he adds. ",###
"j. peter pham  boko haram makes significant territorial strides. its attacks show growing military sophistication, he says. ",###
saatchi gallery has teamed up with google plus for the first gif art award. the motion photography prize went to brooklyn artist christina rinaldi. artists are increasingly looking to gifs as bona fide channels for self expression. ,###
"senate intelligence committee releases report on cia torture. patrick eddington  cia violated american . and international law. mass surveillance, torture are hallmarks of totalitarian governments, he says. ",###
"digital game distribution continues to grow, thanks to new titles and smartphone apps. ""gemini rue"" is a sci fi point and click adventure set in a dystopian future. with its bosses to battle and its puzzles, ""bionic commando rearmed  "" is old school fun. ",###
"uefa has opened disciplinary action against lazio. move comes following lazios goalless draw at tottenham. italian club could be hit with   ,  fine. bulgarian side levski sofia hit with   ,  fine. ",###
"louisiana has been mostly spared since oil rig exploded and sank off southeast coast. bp hit with  ,  claims for lost income and damages;   paid, to tune of   .  million. concert sunday to benefit south louisiana fishermen and wetlands restoration. ",###
" ,  congolese have fled into uganda in past two days, united nations . says. refugees report massacres, atrocities in their villages by rebels. neighboring uganda now hosts some  ,  refugees from countries in the region. ",###
"president speaks to nbc for nearly   minutes. interview covers subjects like taxes, security at foreign embassies, gun control. obama plans to introduce immigration legislation in next year. he thinks chuck hagel would be qualified to be next secretary of defense. ",###
"the remains of victims of flight mh  have been flown back to the netherlands. dozens of bodies collected from the crash site have been taken to kharkiv in the ukraine. dutch experts will use dna, dental records and fingerprints to identify the victims. the identification process can be lengthy but is aimed at giving families closure. ",###
new  tsa backs officers who made passenger remove nipple rings. new  agency acknowledges that procedures need to be changed. agent using handheld metal detector at lubbock airport found piercings. woman says she heard male agents snicker as she removed rings. ,###
"mccain  referred to a military presence like american . has in japan, germany, south korea. ""it is  not a matter of how long we are  in iraq, it is  if we succeed or not,"" mccain said. sen. hillary clinton  ""i want them home within   days of my becoming president"". ",###
"video shows ambulance rushing the pop star to the hospital. crowds gather at the hospital where jackson was rushed. a.j. hammer  this ""is big as it gets""; rev. al sharpton  he was ""a trailblazer"". motown founder berry gordy jr. says hes ""numbed and shocked"" at the news. ",###
"new  the downed plane had video and data recording devices, a ntsb official says. new  some of the data was transmitted, and several memory cards have been found. new  the pilot did not send a ""mayday"" call, as had previously been reported. more of the   people killed in fridays crash were identified sunday. ",###
cristiano ronaldo has urged his real madrid teammates to carry their recent impressive form into the new year. real madrid cut the lead of defending champions barcelona to two points after a     thrashing of real zaragoza.. coach manuel pellegrini also paid tribute to barcelonas amazing   months following their victory in the club world cup. ,###
"the ukraine conflict started with a dispute over a trade deal. that ballooned into protests, then russia stepped in. looking forward, an outright invasion seems unlikely, analysts say. it wo not  be easy to unravel the complex political and economic forces tugging at ukraine. ",###
"man passed classified documents to foes of philippines president. leandro aragoncillo is ex marine, former aide to two american . vice presidents. conspiracy to transmit national defense information could have brought   years. second man sentenced tuesday to six years in same conspiracy. ",###
liberal democratic party has been on top for almost five decades. voters disgruntled with slow progress on economic recovery. democratic party of japan set for its first majority. dpjs yukio hatoyama has obama style message of change. ,###
"no major news organization showed the conclusion of the isis steven sotloff video. some viewers, readers and journalists have deplored decisions to show snippets of it. ""one should not empower isis by publishing their pr materials,"" a journalist tweets. not showing the video at all, however, risks sanitizing the grim reality of the world. ",###
"a car bomb has killed one of israels most prominent crime bosses, police say. police sources say yaakov alperon was killed instantly. explosive device was apparently detonated by remote control in tel aviv. ",###
hezbollah member escaped from egyptian prison. he makes surprise appearance in beirut. ,###
"jessica heeringa was lone clerk at gas station. she last served customer at     p.m. friday, police say. station was reported empty at     p.m.. ""something very bad happened,"" police chief tells tv station. ",###
"evergreen produce issues a voluntary recall of alfalfa and spicy sprouts. the move comes days after warnings from federal health authorities. according to the cdc, there are   cases in   states tied to the sprouts. ",###
arsenal came back from two goals down to claim a     victory over bolton at the emirates stadium which saw go top of the premier league.. liverpool produced a defiant performance to help ease the pressure on rafael benitez with a     victory over tottenham hotspur.. aston villa beat blackburn rovers     in a thrilling english league cup semifinal second leg tie to go through     on aggregate.. ,###
"every company has an emotional motivation, or hidden agenda, says kevin allen. he believes tapping into the hidden agenda is key to getting your dream job. share your  are al ambition' to connect with potential employers. when applying for a job, show that you connect with the companys core beliefs. ",###
residents of tacloban returning to home to check for damage. town relatively american cathed by typhoon hagupit which made landfall saturday. tacloban was all but destroyed by super typhoon haiyan last year. survivors feared all their efforts to rebuild would be destroyed. ,###
"australia returns lost art treasures to india, including shiva nataraja. australian galleries bought the artworks from a dealer whos awaiting trial. subhash kapoor is facing trial on theft related charges. modi conveys ""deep sense of gratitude"" from indian people. ",###
"somali pirates accounted for   percent of all attacks this year. most of them took place off east coast of somalia and in gulf of aden. somali pirates are still holding four ships for ransom. other trouble spots were waters off nigeria, malaysia and bangladesh. ",###
